metoda,brier,log_loss,auc
Original RF,0.2105249841468096,0.6039428498002835,0.7238398422931429
Isotonic,0.21450321597458513,0.6138834526289643,0.7136634876658319
Sigmoid (Platt),0.21156792964192161,0.6088439909871726,0.7223746603441845
