prag,accuracy,precision,recall,f1,TP,FP,TN,FN
0.3,0.5948905109489051,0.5562770562770563,0.9379562043795621,0.6983695652173914,257,205,69,17
0.4,0.6405109489051095,0.6021220159151194,0.8284671532846716,0.6973886328725039,227,150,124,47
0.5,0.6551094890510949,0.6591760299625468,0.6423357664233577,0.6506469500924215,176,91,183,98
0.6,0.635036496350365,0.7176470588235294,0.44525547445255476,0.5495495495495496,122,48,226,152
0.7,0.6186131386861314,0.8037383177570093,0.31386861313868614,0.45144356955380577,86,21,253,188
